,,,,,,,,,,,,,,,,,Predicted,,,,,,,
,male,1,,,,,,,,,,,,,,,1,0,,Evaluation Metrics,,,,
,female,0,,,,,,,,,,,,,Actual,1,TP,FN,,Accuracy,0.80127186,,,
,,,,,,,,,,,,,,,,0,FP,TN,,Precision,0.755639098,0.770114943,,TP/(TP+FP)
,,,,,,,,,,,,,,,,,,,,Recall (Sensitivity) (True Positive Rate),0.770114943,,,TP/(TP+FN)
,Sex_male,Sex_female,,,,,,,,,,,,,,Confusion Matrix,,,,False Positive Rate,0.176630435,0.770114943,,FP/(FP+TN)
,,,,,,,,,,,,,,,,,Predicted,,,F1 Score,0.762808349,,,
,,,,,,,,,,,,,,,,,1,0,,,,,0,0
,,,,,,,,,,,,,,,Actual,1,201,60,,,,,1,1
,,,,,,Percent change Odds,,,,,,,,,,0,65,303,,,,,,
6906.322787,-93.27592491,-4.567129282,-31.75659329,-11.5820655,0.257604282,40.28594947,-50.29803537,-72.14132786,-89.80831462,,,,,,,,,,,,,,,
Odds,,,,,,,,,,,,,,,,,,,,,,,,
70.06322787,0.067240751,0.954328707,0.682434067,0.884179345,1.002576043,1.402859495,0.497019646,0.278586721,0.101916854,,,,,,,,,,,,,,,
b0,b1,b2,b3,b4,b5,b6,b7,b8,b9,,,,,LL_SUM,Threshold,TP_Total,FP_Total,FN_Total,TN_Total,,ROC Curve,,,
4.24939809,-2.699475803,-0.04674711,-0.382089362,-0.123095358,0.002572731,0.33851265,-0.699125724,-1.278025881,-2.283597957,,,,,-280.0216738,0.4,201,65,60,303,,Threshold,False Positive Rate,True Positive Rate,
Intercept,Sex,Age,SibSp,Parch,Fare,Embarked_C,Embarked_Q,Pclass_2,Pclass_3,Survived,y,Odds,P(Survived),LogLoss(LL),Predicted Survived,TP,FP,FN,TN,,0,1,1,
1,0,40,1,1,39,0,0,1,0,1,0.696639576,2.006997002,0.667442302,-0.404302331,1,1,0,0,0,,0.1,0.755434783,0.965517241,
1,0,50,0,0,10.5,0,0,1,0,1,0.661030375,1.936786923,0.65949181,-0.416285726,1,1,0,0,0,,0.2,0.399456522,0.873563218,
1,1,28.5,0,0,16.1,0,0,0,1,0,-2.024547347,0.132053604,0.116649604,-0.124033332,0,0,0,0,1,,0.3,0.266304348,0.831417625,
1,1,32,0,0,30.5,1,0,0,0,1,0.470995694,1.601588092,0.615619397,-0.485126369,1,1,0,0,0,,0.4,0.176630435,0.770114943,
1,0,24,0,0,69.3,1,0,0,0,1,3.644270322,38.25484893,0.97452544,-0.025804655,1,1,0,0,0,,0.5,0.138586957,0.720306513,
1,1,23.5,0,0,7.2292,1,0,0,1,0,-1.475121324,0.228750972,0.186165446,-0.205998184,0,0,0,0,1,,0.6,0.097826087,0.674329502,
1,0,20,1,0,9.825,0,0,0,1,0,0.674045646,1.962159488,0.662408454,-1.085918559,1,0,1,0,0,,0.7,0.054347826,0.567049808,
1,0,14,1,0,11.2417,1,0,0,1,1,1.296685744,3.65715581,0.785276671,-0.241719176,1,1,0,0,0,,0.8,0.016304348,0.444444444,
1,1,9,5,2,46.9,0,0,0,1,0,-3.190376124,0.041156388,0.039529497,-0.040332007,0,0,0,0,1,,0.9,0.008152174,0.245210728,
1,0,34,0,0,13,0,0,1,0,1,1.415415963,4.118199127,0.804618778,-0.217386681,1,1,0,0,0,,1,0,0,
1,1,44,0,0,7.925,0,0,0,1,1,-2.770159625,0.062652003,0.058958157,-2.830927298,0,0,0,1,0,,,,,
1,1,31,1,0,57,0,0,0,0,1,-0.134681848,0.87399393,0.466380342,-0.762753793,1,1,0,0,0,,,,,
1,1,38,0,1,153.4625,0,0,0,0,0,0.045254401,1.046294005,0.51131167,-0.716030355,1,0,1,0,0,,,,,
1,0,50,0,0,10.5,0,0,1,0,1,0.661030375,1.936786923,0.65949181,-0.416285726,1,1,0,0,0,,Precision Recall Curve,,,
1,1,19,0,0,7.775,0,0,0,1,0,-1.601867782,0.201519771,0.167720728,-0.183587231,0,0,0,0,1,,Threshold,Precision,Recall,F1 Score
1,0,60,1,0,75.25,1,0,0,0,1,1.594592743,4.926322387,0.831261289,-0.184811106,1,1,0,0,0,,0,0.414944356,1,0.586516854
1,1,40,0,0,31,1,0,0,0,1,0.098305179,1.103299437,0.524556522,-0.645202094,1,1,0,0,0,,0.1,0.475471698,0.965517241,0.637168142
1,1,26,1,2,20.575,0,0,0,1,0,-2.52444668,0.080102623,0.074162048,-0.077056058,0,0,0,0,1,,0.2,0.608,0.873563218,0.716981132
1,1,38,0,0,8.6625,0,0,0,1,0,-2.487779576,0.083094266,0.07671933,-0.079822006,0,0,0,0,1,,0.3,0.688888889,0.831417625,0.753472222
1,0,28,1,0,26,0,0,1,0,1,1.347254758,3.846850487,0.793680452,-0.231074352,1,1,0,0,0,,0.4,0.755639098,0.770114943,0.762808349
1,1,22,0,0,7.5208,0,0,0,1,0,-1.742763101,0.175036089,0.148962309,-0.161298862,0,0,0,0,1,,0.5,0.786610879,0.720306513,0.752
1,1,44,2,0,90,0,1,0,0,0,-1.738709258,0.175747098,0.149476957,-0.161903774,0,0,0,0,1,,0.6,0.830188679,0.674329502,0.744186047
1,1,19,1,1,36.75,0,0,1,0,0,-1.026935559,0.358102665,0.263678641,-0.306088627,0,0,0,0,1,,0.7,0.880952381,0.567049808,0.68997669
1,1,25,0,0,7.7417,0,1,0,1,0,-2.581561839,0.07565575,0.070334537,-0.072930475,0,0,0,0,1,,0.8,0.950819672,0.444444444,0.605744125
1,0,30,0,0,106.425,1,0,0,0,1,3.459300281,31.79472137,0.969507288,-0.030967287,1,1,0,0,0,,0.9,0.955223881,0.245210728,0.390243902
1,1,16,0,0,8.05,0,0,0,1,1,-1.460918951,0.232022959,0.188326814,-1.669576452,0,0,0,1,0,,1,#DIV/0!,0,
1,1,60,0,0,26.55,0,0,0,0,0,-1.186598324,0.305257889,0.233867875,-0.266400637,0,0,0,0,1,,,,,
1,1,25,0,0,13,0,0,1,0,0,-0.863335849,0.421752829,0.296642863,-0.351890497,0,0,0,0,1,,,,,
1,1,52,1,1,79.65,0,0,0,0,0,-1.181194172,0.306912014,0.234837549,-0.267667113,0,0,0,0,1,,,,,
1,0,29,0,4,21.075,0,0,0,1,0,0.171972804,1.187645533,0.542887554,-0.782825866,1,0,1,0,0,,,,,
1,1,51,0,1,61.3792,1,0,0,0,0,-0.460850895,0.630746718,0.386783987,-0.489038019,0,0,0,0,1,,,,,
1,1,22,0,0,135.6333,1,0,0,0,0,1.208946444,3.349953428,0.770112481,-1.470165139,1,0,1,0,0,,,,,
1,0,30,0,0,12.35,0,1,1,0,1,0.901606404,2.463557403,0.711279507,-0.340689808,1,1,0,0,0,,,,,
1,1,36,0,0,12.875,1,0,1,0,0,-1.039363002,0.353679904,0.261272922,-0.302826739,0,0,0,0,1,,,,,
1,0,38,0,0,80,0,0,0,0,1,2.678826347,14.5679855,0.935765613,-0.066390247,1,1,0,0,0,,,,,
1,0,52,1,1,93.5,0,0,0,0,1,1.553913948,4.729946768,0.825478309,-0.191792292,1,1,0,0,0,,,,,
1,1,33,0,0,7.775,0,0,0,1,0,-2.256327324,0.104734435,0.094805079,-0.099604976,0,0,0,0,1,,,,,
1,1,65,0,1,61.9792,1,0,0,0,0,-1.113766798,0.328319914,0.247169308,-0.283914921,0,0,0,0,1,,,,,
1,0,29,1,0,26,0,0,1,0,1,1.300507648,3.671159852,0.785920407,-0.240899755,1,1,0,0,0,,,,,
1,0,17,0,0,10.5,0,0,1,0,1,2.203685008,9.058332097,0.900579938,-0.104716348,1,1,0,0,0,,,,,
1,0,30,1,1,24.15,0,0,0,1,0,0.120333552,1.127872993,0.530047139,-0.755122886,1,0,1,0,0,,,,,
1,0,18,0,0,9.8417,0,0,0,1,1,1.149672193,3.157157801,0.759451037,-0.275159427,1,1,0,0,0,,,,,
1,1,28,0,0,13.5,0,0,1,0,0,-1.002290814,0.367037662,0.268491258,-0.312646108,0,0,0,0,1,,,,,
1,1,45,0,0,26.55,0,0,0,0,1,-0.485391672,0.615456093,0.380979771,-0.965008999,0,0,0,1,0,,,,,
1,1,28,0,0,7.8542,0,0,0,1,0,-2.022388013,0.13233906,0.116872291,-0.124285458,0,0,0,0,1,,,,,
1,1,30,0,0,7.2292,1,0,0,1,0,-1.77897754,0.168810661,0.144429433,-0.155986703,0,0,0,0,1,,,,,
1,1,36,0,0,26.2875,0,0,0,0,1,-0.065343023,0.936746083,0.483670054,-0.726352311,1,1,0,0,0,,,,,
1,1,56,0,0,35.5,1,0,0,0,1,-0.638071295,0.528310397,0.345682656,-1.062234105,0,0,0,1,0,,,,,
1,0,15,0,0,7.225,1,0,0,1,1,1.621694109,5.061658057,0.835028636,-0.180289261,1,1,0,0,0,,,,,
1,1,49,1,0,89.1042,1,0,0,0,1,-0.555021725,0.574059789,0.364700117,-1.00867986,0,0,0,1,0,,,,,
1,1,24,2,0,24.15,0,0,0,1,0,-2.557653594,0.077486342,0.07191399,-0.074630867,0,0,0,0,1,,,,,
1,1,29,0,0,7.75,0,1,0,1,1,-2.768528925,0.062754253,0.059048696,-2.829392816,0,0,0,1,0,,,,,
1,1,31,0,0,10.5,0,0,1,0,0,-1.150250336,0.316557514,0.240443361,-0.275020386,0,0,0,0,1,,,,,
1,1,30,1,0,24,1,0,1,0,0,-1.112348076,0.328786039,0.247433394,-0.284265773,0,0,0,0,1,,,,,
1,1,42,1,0,52.5542,0,0,0,0,1,-0.660337905,0.516676717,0.34066371,-1.076859476,0,0,0,1,0,,,,,
1,1,10,3,2,27.9,0,0,0,1,0,-2.521826391,0.08031279,0.074342164,-0.07725062,0,0,0,0,1,,,,,
1,0,17,0,0,12,1,0,1,0,1,2.546056753,12.75670165,0.927308157,-0.075469345,1,1,0,0,0,,,,,
1,1,24,0,0,13,0,0,1,0,0,-0.816588739,0.441936647,0.306488255,-0.365987104,0,0,0,0,1,,,,,
1,1,29,0,0,9.5,0,0,0,1,1,-2.064900923,0.126830856,0.112555363,-2.184310063,0,0,0,1,0,,,,,
1,1,17,1,1,7.2292,1,0,0,1,0,-1.676449828,0.187036812,0.157566143,-0.171460127,0,0,0,0,1,,,,,
1,1,40,0,0,27.7208,1,0,0,0,0,0.089868681,1.094030607,0.522452061,-0.739090729,1,0,1,0,0,,,,,
1,1,14,4,1,39.6875,0,0,0,1,0,-2.937482774,0.052998971,0.050331456,-0.051642256,0,0,0,0,1,,,,,
1,1,16,0,0,26,0,0,1,0,0,-0.409166362,0.664203725,0.399112029,-0.509346766,0,0,0,0,1,,,,,
1,1,45,1,0,83.475,0,0,0,0,0,-0.721028349,0.486251962,0.327166574,-0.396257489,0,0,0,0,1,,,,,
1,1,27,1,0,14.4542,1,0,0,1,0,-2.002237593,0.135032796,0.118968189,-0.126661546,0,0,0,0,1,,,,,
1,1,39,0,0,26,0,0,1,0,0,-1.484349894,0.226649639,0.184771292,-0.204286582,0,0,0,0,1,,,,,
1,0,5,4,2,31.3875,0,0,0,1,1,0.038267999,1.039009649,0.509565832,-0.674196225,1,1,0,0,0,,,,,
1,0,38,1,0,71.2833,1,0,0,0,1,2.612823915,13.63750769,0.931682359,-0.070763339,1,1,0,0,0,,,,,
1,0,41,0,1,19.5,0,0,1,0,1,0.981813582,2.669292837,0.727467922,-0.318185374,1,1,0,0,0,,,,,
1,0,26,1,1,26,0,0,1,0,0,1.31765362,3.734648186,0.788791065,-1.554907423,1,0,1,0,0,,,,,
1,1,35,0,0,26.55,1,0,0,0,1,0.320592079,1.377943374,0.579468539,-0.545643907,1,1,0,0,0,,,,,
1,1,36,0,0,7.8958,0,0,0,1,0,-2.396257868,0.091058068,0.083458498,-0.08714793,0,0,0,0,1,,,,,
1,1,27,0,0,76.7292,1,0,0,0,1,0.823666518,2.278839946,0.695014085,-0.363823167,1,1,0,0,0,,,,,
1,0,39,1,5,31.275,0,0,0,1,0,-0.774441166,0.46096131,0.315519177,-0.379094651,0,0,0,0,1,,,,,
1,1,6,0,1,12.475,0,0,0,1,1,-1.105158876,0.331158265,0.248774525,-1.391208315,0,0,0,1,0,,,,,
1,0,23,1,0,113.275,1,0,0,0,1,3.422063894,30.63257222,0.968387016,-0.032123462,1,1,0,0,0,,,,,
1,1,25,1,2,41.5792,1,0,1,0,0,-1.079576697,0.339739308,0.253586131,-0.292475049,0,0,0,0,1,,,,,
1,1,26,0,0,10.5,0,0,1,0,0,-0.916514786,0.399910388,0.285668563,-0.336408226,0,0,0,0,1,,,,,
1,0,24,1,0,26,0,0,1,0,1,1.534243199,4.637814297,0.822626297,-0.195253256,1,1,0,0,0,,,,,
1,1,26,1,0,14.4542,1,0,0,1,0,-1.955490483,0.141495059,0.12395591,-0.132338858,0,0,0,0,1,,,,,
1,0,33,3,0,15.85,0,0,0,1,1,-0.682344807,0.505430465,0.335738167,-1.091423687,0,0,0,1,0,,,,,
1,1,20,0,0,8.6625,0,0,0,1,0,-1.646331594,0.192755719,0.161605362,-0.176266361,0,0,0,0,1,,,,,
1,1,27,0,0,26,0,0,1,0,0,-0.923384573,0.397172504,0.284268766,-0.334450555,0,0,0,0,1,,,,,
1,1,33,1,1,20.525,0,0,0,1,0,-2.728709729,0.065303495,0.061300366,-0.06325973,0,0,0,0,1,,,,,
1,0,18,0,0,6.75,0,1,0,1,0,0.442592358,1.556737613,0.608876564,-0.938732076,1,0,1,0,0,,,,,
1,1,32.5,1,0,30.0708,1,0,1,0,0,-1.213597319,0.297126496,0.229065166,-0.26015143,0,0,0,0,1,,,,,
1,1,28,0,0,13,0,0,1,0,0,-1.00357718,0.366565821,0.268238687,-0.312300893,0,0,0,0,1,,,,,
1,1,52,0,0,30.5,0,0,0,0,1,-0.802459157,0.448225351,0.309499727,-1.172798068,0,0,0,1,0,,,,,
1,1,20,0,0,7.925,0,0,0,1,0,-1.648228983,0.192390334,0.161348451,-0.175959976,0,0,0,0,1,,,,,
1,1,28,1,0,15.85,0,0,0,1,0,-2.383906336,0.092189749,0.08440818,-0.088184625,0,0,0,0,1,,,,,
1,1,19,0,0,10.5,0,0,1,0,1,-0.589285015,0.554723762,0.356798922,-1.0305829,0,0,0,1,0,,,,,
1,1,43,1,1,26.25,0,0,1,0,0,-2.175879871,0.113508237,0.101937492,-0.107515605,0,0,0,0,1,,,,,
1,0,27,1,0,21,0,0,1,0,0,1.381138216,3.979428499,0.79917374,-1.605315125,1,0,1,0,0,,,,,
1,1,49,0,0,0,0,0,0,1,0,-3.024284065,0.048592598,0.046340779,-0.047448882,0,0,0,0,1,,,,,
1,0,25,1,0,7.925,0,0,0,1,0,0.435421908,1.545615029,0.607167624,-0.934372282,1,0,1,0,0,,,,,
1,1,21,0,0,7.7333,0,1,0,1,0,-2.394595009,0.09120961,0.083585784,-0.087286815,0,0,0,0,1,,,,,
1,0,31,0,0,7.8542,0,0,0,1,0,0.53684646,1.710603889,0.631078519,-0.997171447,1,0,1,0,0,,,,,
1,1,65,0,0,26.55,0,0,0,0,0,-1.420333874,0.241633328,0.194609248,-0.216427713,0,0,0,0,1,,,,,
1,1,19,0,0,7.65,0,0,0,1,0,-1.602189374,0.201454975,0.167675842,-0.183533301,0,0,0,0,1,,,,,
1,1,22,0,0,9.35,0,0,0,1,0,-1.738057062,0.175861757,0.149559892,-0.162001289,0,0,0,0,1,,,,,
1,0,51,1,0,77.9583,0,0,0,0,1,1.68377181,5.385832046,0.843403335,-0.170309983,1,1,0,0,0,,,,,
1,1,33,0,0,8.6625,1,0,0,1,0,-1.915531375,0.14726356,0.128360705,-0.137379593,0,0,0,0,1,,,,,
1,1,27,1,0,53.1,0,0,0,0,1,0.042272943,1.043179168,0.510566662,-0.672234068,1,1,0,0,0,,,,,
1,1,22,0,0,7.25,0,0,0,1,0,-1.743459796,0.174914185,0.148874009,-0.161195111,0,0,0,0,1,,,,,
1,1,35,0,0,26,0,0,1,0,0,-1.297361454,0.27325183,0.214609415,-0.241574124,0,0,0,0,1,,,,,
1,1,27,0,0,30.5,0,0,0,0,1,0.366218595,1.442270481,0.590544943,-0.526709537,1,1,0,0,0,,,,,
1,0,28,0,0,12.65,0,0,1,0,1,1.694998167,5.446635984,0.844880337,-0.168560274,1,1,0,0,0,,,,,
1,0,24,1,0,15.85,0,0,0,1,1,0.502557907,1.652943945,0.62306026,-0.473112039,1,1,0,0,0,,,,,
1,1,33,0,0,5,0,0,0,0,0,0.020131306,1.020335308,0.505032657,-0.703263492,1,0,1,0,0,,,,,
1,1,34,0,0,13,0,0,1,0,0,-1.28405984,0.276910802,0.216859941,-0.244443725,0,0,0,0,1,,,,,
1,1,29,0,0,9.4833,0,0,0,1,0,-2.064943888,0.126825407,0.112551071,-0.119404305,0,0,0,0,1,,,,,
1,0,19,1,0,7.8542,0,0,0,1,1,0.715722419,2.045663976,0.67166437,-0.397996513,1,1,0,0,0,,,,,
1,1,28,1,0,82.1708,1,0,0,0,0,0.408829817,1.505055563,0.600807258,-0.918310915,1,0,1,0,0,,,,,
1,1,32,0,0,7.925,0,0,0,1,0,-2.209194304,0.10978907,0.098927871,-0.10416997,0,0,0,0,1,,,,,
1,1,28,0,0,56.4958,0,0,0,1,0,-1.897246284,0.149981056,0.130420458,-0.139745469,0,0,0,0,1,,,,,
1,0,15,0,1,211.3375,0,0,0,0,1,3.968810515,52.92154398,0.981454537,-0.018719586,1,1,0,0,0,,,,,
1,0,32,1,1,15.5,0,1,0,1,0,-0.694540511,0.49930382,0.333023776,-0.40500088,0,0,0,0,1,,,,,
1,1,18,0,0,11.5,0,0,1,0,0,-0.539965175,0.582768547,0.368195684,-0.459175559,0,0,0,0,1,,,,,
1,1,28,0,0,9.5,0,0,0,1,0,-2.018153813,0.132900598,0.117310026,-0.124781245,0,0,0,0,1,,,,,
1,1,47,0,0,34.0208,0,0,0,0,0,-0.559665537,0.571400144,0.363624851,-0.451967033,0,0,0,0,1,,,,,
1,1,51,0,0,12.525,0,0,1,0,0,-2.079982759,0.124932366,0.111057669,-0.117722915,0,0,0,0,1,,,,,
1,1,18,0,0,7.7958,0,0,0,1,0,-1.555067159,0.2111752,0.174355617,-0.191591128,0,0,0,0,1,,,,,
1,1,29,1,0,66.6,0,0,0,0,0,-0.016489415,0.983645791,0.49587774,-0.68493646,1,0,1,0,0,,,,,
1,1,42,0,0,8.6625,0,0,0,1,0,-2.674768016,0.068922816,0.064478758,-0.066651427,0,0,0,0,1,,,,,
1,1,28,2,0,7.925,0,0,0,1,0,-2.786384587,0.061643679,0.058064377,-0.059818348,0,0,0,0,1,,,,,
1,1,34,0,0,8.05,0,0,0,1,0,-2.302366933,0.100021818,0.090927122,-0.095330015,0,0,0,0,1,,,,,
1,1,42,0,0,26.2875,0,0,0,0,1,-0.345825684,0.707635829,0.414395047,-0.880935541,1,1,0,0,0,,,,,
1,1,15,1,1,7.2292,1,0,0,1,0,-1.582955608,0.205367215,0.170377303,-0.186784264,0,0,0,0,1,,,,,
1,0,43,1,6,46.9,0,0,0,1,0,-1.04432605,0.351928922,0.260316143,-0.301532404,0,0,0,0,1,,,,,
1,1,31,0,0,7.775,0,0,0,1,0,-2.162833103,0.114998855,0.103138093,-0.108853378,0,0,0,0,1,,,,,
1,0,24,0,2,16.7,0,0,0,1,1,0.640643374,1.897701418,0.654898882,-0.423274434,1,1,0,0,0,,,,,
1,1,1,1,2,20.575,0,0,0,1,1,-1.355768928,0.257749028,0.204928823,-1.585092565,0,0,0,1,0,,,,,
1,1,22,0,0,7.7958,0,0,0,1,0,-1.7420556,0.175159971,0.149052023,-0.161404284,0,0,0,0,1,,,,,
1,1,54,0,0,26,0,0,1,0,0,-2.185556545,0.112415152,0.101055035,-0.106533464,0,0,0,0,1,,,,,
1,1,16,4,1,39.6875,0,0,0,1,0,-3.030976994,0.048268457,0.046045893,-0.047139714,0,0,0,0,1,,,,,
1,1,26,0,0,30,1,0,0,0,1,0.75019199,2.117406498,0.679220531,-0.386809416,1,1,0,0,0,,,,,
1,1,18,1,0,6.4958,0,0,0,1,0,-1.940501071,0.143631962,0.125592819,-0.13420913,0,0,0,0,1,,,,,
1,1,38,0,0,7.8958,0,0,0,1,0,-2.489752088,0.082930523,0.076579727,-0.079670814,0,0,0,0,1,,,,,
1,0,54,1,0,78.2667,1,0,0,0,1,1.88283656,6.572120663,0.8679366,-0.141636608,1,1,0,0,0,,,,,
1,0,26,1,0,16.1,0,0,0,1,0,0.40970687,1.506376156,0.60101759,-0.918837947,1,0,1,0,0,,,,,
1,0,28,0,0,13,0,0,1,0,1,1.695898623,5.451542647,0.844998312,-0.168420649,1,1,0,0,0,,,,,
1,0,30,3,0,21,0,0,1,0,1,0.476718162,1.610779402,0.616972618,-0.482930636,1,1,0,0,0,,,,,
1,0,22,1,0,66.6,0,0,0,0,1,3.010216158,20.29178568,0.953033531,-0.048105192,1,1,0,0,0,,,,,
1,1,32,0,0,56.4958,0,0,0,1,1,-2.084234725,0.124402286,0.110638592,-2.201486318,0,0,0,1,0,,,,,
1,1,37,1,0,53.1,0,0,0,0,0,-0.425198158,0.653640248,0.395273548,-0.502979069,0,0,0,0,1,,,,,
1,1,35,0,0,10.5,0,0,1,0,0,-1.337238777,0.262569682,0.207964507,-0.233149074,0,0,0,0,1,,,,,
1,0,32.5,0,0,13,0,0,1,0,1,1.485536628,4.417335241,0.815407399,-0.204067414,1,1,0,0,0,,,,,
1,0,15,0,0,8.0292,0,1,0,1,1,0.586124725,1.797010993,0.642475485,-0.442426619,1,1,0,0,0,,,,,
1,1,2,1,1,26,0,0,1,0,1,-0.25989154,0.771135218,0.43539037,-0.831512248,1,1,0,0,0,,,,,
1,1,25,1,0,7.775,0,0,0,1,1,-2.264439804,0.103888216,0.094111174,-2.363278493,0,0,0,1,0,,,,,
1,1,23,0,0,13,0,0,1,0,0,-0.769841629,0.463086402,0.316513366,-0.380548178,0,0,0,0,1,,,,,
1,1,51,0,0,7.75,0,0,0,1,0,-3.097839623,0.045146631,0.043196456,-0.044157192,0,0,0,0,1,,,,,
1,1,23,0,0,7.8958,0,0,0,1,0,-1.788545437,0.1672032,0.14325115,-0.15461046,0,0,0,0,1,,,,,
1,1,31,1,0,52,0,0,0,0,0,-0.147545501,0.862823178,0.463180396,-0.622093175,1,0,1,0,0,,,,,
1,1,16,0,0,8.05,0,0,0,1,0,-1.460918951,0.232022959,0.188326814,-0.2086575,0,0,0,0,1,,,,,
1,1,43,0,0,8.05,0,0,0,1,0,-2.723090924,0.065671455,0.061624485,-0.063605075,0,0,0,0,1,,,,,
1,1,4,4,2,31.275,0,0,0,1,0,-2.614750126,0.073186074,0.068195139,-0.070631863,0,0,0,0,1,,,,,
1,1,19,0,0,13,0,0,1,0,0,-0.582853189,0.558303148,0.35827634,-0.443597503,0,0,0,0,1,,,,,
1,1,26,1,0,7.8542,0,0,0,1,0,-2.310983154,0.09916371,0.090217417,-0.094549627,0,0,0,0,1,,,,,
1,0,28,1,0,24,1,0,1,0,1,1.680621947,5.3688941,0.84298687,-0.170803897,1,1,0,0,0,,,,,
1,1,39,0,0,0,0,0,0,0,0,-0.273215007,0.760929165,0.432117986,-0.565841604,1,0,1,0,0,,,,,
1,1,23,0,0,9.225,0,0,0,1,0,-1.785125763,0.16777596,0.143671359,-0.155101051,0,0,0,0,1,,,,,
1,1,49,1,0,56.9292,1,0,0,0,1,-0.63779933,0.528454099,0.345744173,-1.062056161,0,0,0,1,0,,,,,
1,0,45,1,1,26.25,0,0,1,0,1,0.430101711,1.537413888,0.605897956,-0.501043697,1,1,0,0,0,,,,,
1,1,44,1,0,26,0,0,1,0,0,-2.100174806,0.122435024,0.109079832,-0.115500454,0,0,0,0,1,,,,,
1,0,18,0,1,14.4542,1,0,0,1,0,1.376956204,3.962821233,0.798501708,-1.601974376,1,0,1,0,0,,,,,
1,0,33,0,0,86.5,0,0,0,0,1,2.929284646,18.7142384,0.949275241,-0.05205649,1,1,0,0,0,,,,,
1,1,35,0,0,7.125,0,0,0,1,0,-2.351493819,0.095226804,0.086947109,-0.090961469,0,0,0,0,1,,,,,
1,1,18,0,0,8.3,0,0,0,1,0,-1.553769989,0.211449308,0.174542431,-0.191817418,0,0,0,0,1,,,,,
1,0,26,0,0,7.8542,0,0,0,1,1,0.77058201,2.161023626,0.683646781,-0.380313897,1,1,0,0,0,,,,,
1,1,30,1,0,16.1,0,0,0,1,0,-2.476757373,0.084015214,0.077503722,-0.080671938,0,0,0,0,1,,,,,
1,1,3,1,1,15.9,0,0,0,1,1,-1.338195305,0.262318647,0.207806997,-1.571145531,0,0,0,1,0,,,,,
1,1,50,1,0,55.9,0,0,0,0,0,-1.025706944,0.358542906,0.263917249,-0.306412733,0,0,0,0,1,,,,,
1,0,57,0,0,10.5,0,0,1,0,0,0.333800604,1.396264707,0.582683834,-0.873911153,1,0,1,0,0,,,,,
1,1,18,1,1,20.2125,0,0,0,1,0,-2.028307056,0.131558053,0.116262752,-0.123595491,0,0,0,0,1,,,,,
1,1,19,0,0,7.8958,0,0,0,1,0,-1.601556996,0.20158241,0.167764116,-0.183639363,0,0,0,0,1,,,,,
1,1,29,1,0,27.7208,1,0,1,0,0,-1.05602835,0.347834548,0.258069173,-0.298499266,0,0,0,0,1,,,,,
1,1,22,0,0,7.2292,1,0,0,1,0,-1.405000659,0.245366895,0.197023781,-0.219430181,0,0,0,0,1,,,,,
1,1,21,0,0,73.5,0,0,1,0,0,-0.520697213,0.594106185,0.372689216,-0.466313193,0,0,0,0,1,,,,,
1,1,17,0,0,8.6625,0,0,0,1,0,-1.506090264,0.221775368,0.181518939,-0.200305021,0,0,0,0,1,,,,,
1,1,28,0,0,47.1,0,0,0,0,0,0.362178811,1.436455774,0.58956776,-0.890544432,1,0,1,0,0,,,,,
1,1,20,0,0,4.0125,1,0,0,1,0,-1.319782141,0.267193506,0.210854542,-0.236804617,0,0,0,0,1,,,,,
1,1,48,0,0,13,0,0,1,0,0,-1.938519382,0.143916878,0.125810608,-0.134458231,0,0,0,0,1,,,,,
1,0,35,1,0,52,0,0,0,0,1,2.364941861,10.64342001,0.914114582,-0.089799353,1,1,0,0,0,,,,,
1,1,38,1,0,90,0,0,0,0,1,-0.377011512,0.685908178,0.406847886,-0.899315909,1,1,0,0,0,,,,,
1,0,1,1,1,11.1333,0,0,0,1,1,1.442511283,4.231308501,0.808843237,-0.212150155,1,1,0,0,0,,,,,
1,1,28,0,0,9.5,0,0,0,1,0,-2.018153813,0.132900598,0.117310026,-0.124781245,0,0,0,0,1,,,,,
1,1,71,0,0,34.6542,1,0,0,0,0,-1.341453962,0.261465232,0.207271057,-0.232273928,0,0,0,0,1,,,,,
1,1,23,0,0,15.0458,1,0,1,0,0,-0.426065687,0.653073442,0.395066199,-0.502636247,0,0,0,0,1,,,,,
1,1,32,0,0,8.3625,0,0,0,1,0,-2.208068734,0.109912714,0.099028251,-0.104281376,0,0,0,0,1,,,,,
1,1,28,0,0,7.8958,0,0,0,1,0,-2.022280987,0.132353224,0.116883338,-0.124297967,0,0,0,0,1,,,,,
1,1,23,0,0,7.8542,0,0,0,1,0,-1.788652462,0.167185306,0.143238015,-0.154595129,0,0,0,0,1,,,,,
1,0,2,1,1,26,0,0,1,0,1,2.439584263,11.46827196,0.919796424,-0.083602912,1,1,0,0,0,,,,,
1,0,21,1,0,9.825,0,0,0,1,0,0.627298536,1.872545128,0.651876661,-1.055198441,1,0,1,0,0,,,,,
1,1,36,1,2,27.75,0,0,1,0,0,-1.967886363,0.139751929,0.122616094,-0.130810633,0,0,0,0,1,,,,,
1,0,29,1,1,10.4625,0,0,0,1,0,0.131866413,1.140955893,0.532918916,-0.761252408,1,0,1,0,0,,,,,
1,1,20,0,0,9.225,0,0,0,1,0,-1.644884433,0.19303487,0.161801532,-0.176500371,0,0,0,0,1,,,,,
1,0,36,0,0,13,0,0,1,0,1,1.321921742,3.750622186,0.789501257,-0.236353854,1,1,0,0,0,,,,,
1,0,9,2,2,34.375,0,0,0,1,0,0.623144314,1.864782294,0.650933335,-1.052492359,1,0,1,0,0,,,,,
1,0,35,1,0,83.475,0,0,0,0,1,2.445918554,11.5411459,0.92026247,-0.083096356,1,1,0,0,0,,,,,
1,0,24,0,0,8.85,0,0,0,1,0,0.866638155,2.378899904,0.704045687,-1.217550184,1,0,1,0,0,,,,,
1,0,41,0,2,20.2125,0,0,0,1,0,-0.145020782,0.865004317,0.463808212,-0.623263368,1,0,1,0,0,,,,,
1,1,17,1,0,7.0542,0,0,0,1,0,-1.892317348,0.150722128,0.130980473,-0.140389683,0,0,0,0,1,,,,,
1,1,34,1,0,21,0,0,1,0,0,-1.645567358,0.192903087,0.161708934,-0.176389905,0,0,0,0,1,,,,,
1,1,50,0,0,13,0,0,1,0,0,-2.032013602,0.13107133,0.115882461,-0.123165263,0,0,0,0,1,,,,,
1,1,24,0,0,79.2,1,0,0,0,0,0.970264551,2.638642422,0.725172225,-1.291610651,1,0,1,0,0,,,,,
1,1,29,0,0,7.875,0,0,0,1,0,-2.06908161,0.126301723,0.112138444,-0.118939454,0,0,0,0,1,,,,,
1,0,26,0,0,7.925,0,0,0,1,1,0.77076416,2.16141729,0.683686174,-0.380256277,1,1,0,0,0,,,,,
1,1,34,0,0,13,0,0,1,0,1,-1.28405984,0.276910802,0.216859941,-1.528503565,0,0,0,1,0,,,,,
1,1,36,1,2,120,0,0,0,0,1,-0.452526093,0.636019477,0.388760333,-0.944792236,0,0,0,1,0,,,,,
1,1,54,0,0,51.8625,0,0,0,0,0,-0.840993422,0.431281866,0.301325599,-0.358570452,0,0,0,0,1,,,,,
1,1,29,1,0,7.0458,0,0,0,1,0,-2.45330428,0.086008919,0.079197249,-0.082509434,0,0,0,0,1,,,,,
1,0,24,2,1,27,0,0,1,0,1,1.03163121,2.805638689,0.737232018,-0.304852623,1,1,0,0,0,,,,,
1,0,45,1,1,164.8667,0,0,0,0,1,2.064751005,7.883334745,0.887429661,-0.119426016,1,1,0,0,0,,,,,
1,1,19,0,0,7.8958,0,0,0,1,0,-1.601556996,0.20158241,0.167764116,-0.183639363,0,0,0,0,1,,,,,
1,0,27,0,2,11.1333,0,0,0,1,1,0.486080425,1.625930756,0.619182647,-0.479354982,1,1,0,0,0,,,,,
1,0,9,1,1,15.2458,1,0,0,1,0,1.417627407,4.127316372,0.804966199,-1.634582398,1,0,1,0,0,,,,,
1,1,17,0,0,8.6625,0,0,0,1,0,-1.506090264,0.221775368,0.181518939,-0.200305021,0,0,0,0,1,,,,,
1,0,8,3,1,21.075,0,0,0,1,0,0.376680105,1.457438007,0.593072136,-0.899119347,1,0,1,0,0,,,,,
1,1,45.5,0,0,7.225,1,0,0,1,0,-2.503568552,0.081792596,0.07560839,-0.078619476,0,0,0,0,1,,,,,
1,1,40,1,1,15.5,0,1,0,1,0,-3.767993194,0.023098371,0.022576882,-0.022835641,0,0,0,0,1,,,,,
1,1,47,0,0,25.5875,0,0,0,0,0,-0.581362145,0.559136223,0.358619224,-0.444131965,0,0,0,0,1,,,,,
1,1,62,0,0,26.55,0,0,0,0,0,-1.280092544,0.278011571,0.217534471,-0.24530541,0,0,0,0,1,,,,,
1,1,39,1,5,31.275,0,0,0,1,0,-3.473916968,0.030995385,0.030063553,-0.030524728,0,0,0,0,1,,,,,
1,1,45,0,0,26.55,0,0,0,0,0,-0.485391672,0.615456093,0.380979771,-0.479617327,0,0,0,0,1,,,,,
1,0,53,2,0,51.4792,0,0,0,0,1,1.14006464,3.126970487,0.757691507,-0.277478959,1,1,0,0,0,,,,,
1,0,24,3,2,263,0,0,0,0,1,2.411636771,11.15219981,0.917710372,-0.085873437,1,1,0,0,0,,,,,
1,1,18,1,1,7.8542,0,0,0,1,0,-2.060101632,0.127441017,0.11303564,-0.119950478,0,0,0,0,1,,,,,
1,0,22,0,0,7.775,0,0,0,1,1,0.95736669,2.604828115,0.722594263,-0.3249074,1,1,0,0,0,,,,,
1,0,31,1,1,26.25,0,0,1,0,1,1.084561253,2.958141657,0.747356187,-0.291213384,1,1,0,0,0,,,,,
1,1,35,0,0,8.05,0,0,0,1,0,-2.349114043,0.095453693,0.087136219,-0.091168609,0,0,0,0,1,,,,,
1,1,26,0,0,8.05,0,0,0,1,0,-1.928390052,0.145382068,0.126928884,-0.135738265,0,0,0,0,1,,,,,
1,1,25,0,0,7.05,0,0,0,1,0,-1.884215672,0.15194819,0.131905403,-0.141454587,0,0,0,0,1,,,,,
1,1,26,0,0,7.8958,0,0,0,1,0,-1.928786767,0.145324404,0.126884927,-0.135687919,0,0,0,0,1,,,,,
1,1,46,0,0,79.2,1,0,0,0,0,-0.058171871,0.943487775,0.485461132,-0.664484181,1,0,1,0,0,,,,,
1,1,39,0,0,13,0,0,1,0,0,-1.517795391,0.219194593,0.179786389,-0.198190471,0,0,0,0,1,,,,,
1,1,38,0,0,7.05,0,0,0,1,0,-2.491928104,0.082750262,0.076425991,-0.079504343,0,0,0,0,1,,,,,
1,0,18,0,1,23,0,0,1,0,1,2.066001671,7.89320033,0.88755454,-0.119285306,1,1,0,0,0,,,,,
1,0,16,0,1,39.4,0,0,0,0,1,3.479714552,32.45045785,0.970105043,-0.030350922,1,1,0,0,0,,,,,
1,0,0.75,2,1,19.2583,1,0,0,1,1,1.431524785,4.185075668,0.807138784,-0.214259651,1,1,0,0,0,,,,,
1,1,40,0,0,0,0,0,0,0,0,-0.319962117,0.726176546,0.42068498,-0.545908874,1,0,1,0,0,,,,,
1,1,47,0,0,7.25,0,0,0,1,0,-2.912137548,0.05435941,0.051556812,-0.052933388,0,0,0,0,1,,,,,
1,0,4,1,1,23,0,0,1,0,1,2.338371851,10.36434811,0.912005511,-0.092109246,1,1,0,0,0,,,,,
1,1,1,0,2,37.0042,1,0,1,0,1,0.412673064,1.510850994,0.601728656,-0.507948673,1,1,0,0,0,,,,,
1,1,42,0,0,7.55,0,0,0,1,0,-2.677630179,0.068725829,0.064306324,-0.066467125,0,0,0,0,1,,,,,
1,1,21,0,0,8.6625,0,0,0,1,0,-1.693078704,0.183952317,0.15537139,-0.168858262,0,0,0,0,1,,,,,
1,1,40.5,0,2,14.5,0,0,0,1,0,-2.835819752,0.058670411,0.055418958,-0.057013791,0,0,0,0,1,,,,,
1,0,49,0,0,25.9292,0,0,0,0,1,2.025498539,7.579888875,0.883448374,-0.123922423,1,1,0,0,0,,,,,
1,0,33,1,2,27.75,0,0,1,0,1,0.87183077,2.391284741,0.7051265,-0.349378059,1,1,0,0,0,,,,,
1,0,14,1,2,120,0,0,0,0,1,3.275386132,26.45343803,0.96357469,-0.037105275,1,1,0,0,0,,,,,
1,1,32,0,0,8.05,0,0,0,1,1,-2.208872713,0.109824382,0.098956541,-2.313074501,0,0,0,1,0,,,,,
1,0,25,0,1,26,0,0,1,0,1,1.746490092,5.734439956,0.851509553,-0.16074456,1,1,0,0,0,,,,,
1,1,19,0,0,7.8958,0,0,0,1,0,-1.601556996,0.20158241,0.167764116,-0.183639363,0,0,0,0,1,,,,,
1,1,1,4,1,39.6875,0,0,0,1,0,-2.329770343,0.097318094,0.088687223,-0.092869107,0,0,0,0,1,,,,,
1,1,30,0,0,13,0,0,1,0,0,-1.0970714,0.333847359,0.250289028,-0.288067517,0,0,0,0,1,,,,,
1,0,18,0,1,9.35,0,0,0,1,1,1.025311823,2.787964677,0.736005986,-0.306517027,1,1,0,0,0,,,,,
1,0,22,0,0,7.25,0,0,0,1,1,0.956016007,2.601312192,0.722323435,-0.32528227,1,1,0,0,0,,,,,
1,1,26,0,0,56.4958,0,0,0,1,1,-1.803752064,0.164679838,0.141394942,-1.956198297,0,0,0,1,0,,,,,
1,0,58,0,0,26.55,0,0,0,0,1,1.6063717,4.984692416,0.832907035,-0.182833246,1,1,0,0,0,,,,,
1,1,27,0,0,13,0,0,1,0,0,-0.95683007,0.384108556,0.277513316,-0.32505629,0,0,0,0,1,,,,,
1,1,32,0,0,7.8542,0,0,0,1,1,-2.209376453,0.109769073,0.098911635,-2.313528405,0,0,0,1,0,,,,,
1,0,50,0,1,26,0,0,1,0,1,0.57781234,1.782135456,0.640563871,-0.445406443,1,1,0,0,0,,,,,
1,0,19,0,2,26.2833,0,0,0,0,1,3.18263213,24.1101311,0.960175437,-0.040639264,1,1,0,0,0,,,,,
1,1,50,2,0,133.65,0,0,0,0,1,-1.207766508,0.298864045,0.23009648,-1.469256579,0,0,0,1,0,,,,,
1,1,0.83,0,2,29,0,0,1,0,1,0.061514774,1.063446207,0.515373846,-0.662862728,1,1,0,0,0,,,,,
1,0,7,0,2,26.25,0,0,1,0,1,2.465485898,11.7691994,0.921686555,-0.081550076,1,1,0,0,0,,,,,
1,0,58,0,1,153.4625,0,0,0,0,1,1.809788003,6.10915217,0.859336251,-0.151594989,1,1,0,0,0,,,,,
1,0,44,1,0,26,0,0,1,0,0,0.599300997,1.820845579,0.645496369,-1.037036691,1,0,1,0,0,,,,,
1,1,36,0,0,13,0,0,1,0,0,-1.37755406,0.252194652,0.201402116,-0.224897734,0,0,0,0,1,,,,,
1,1,19,0,0,14.5,0,0,0,1,0,-1.58456617,0.205036725,0.170149773,-0.186510044,0,0,0,0,1,,,,,
1,0,25,1,2,151.55,0,0,0,0,0,2.842337569,17.15582162,0.944921248,-2.898991259,1,0,1,0,0,,,,,
1,0,30,0,0,86.5,0,0,0,0,1,3.069525976,21.53169372,0.955618072,-0.045396952,1,1,0,0,0,,,,,
1,1,28,0,0,22.525,0,0,0,1,0,-1.984643998,0.137429531,0.120824655,-0.128770919,0,0,0,0,1,,,,,
1,0,3,1,2,41.5792,1,0,1,0,1,2.648335527,14.13049923,0.933908328,-0.068376996,1,1,0,0,0,,,,,
1,1,0.67,1,1,14.5,0,0,1,0,1,-0.227304285,0.796678328,0.443417342,-0.813243872,1,1,0,0,0,,,,,
1,0,45,1,4,27.9,0,0,0,1,0,-0.940511434,0.390428106,0.280797047,-0.32961169,0,0,0,0,1,,,,,
1,0,3,3,1,21.075,0,0,0,1,0,0.610415655,1.841196542,0.648035613,-1.044225281,1,0,1,0,0,,,,,
1,1,41,0,0,7.125,0,0,0,1,0,-2.631976479,0.071936141,0.067108607,-0.069466491,0,0,0,0,1,,,,,
1,0,24,0,0,13,0,0,1,0,0,1.882887063,6.572452585,0.867942389,-2.024517002,1,0,1,0,0,,,,,
1,0,40,0,0,15.75,0,0,1,0,1,1.142008311,3.133054198,0.758048176,-0.277008338,1,1,0,0,0,,,,,
1,1,30,0,0,9.5,0,0,0,1,1,-2.111648033,0.121038327,0.107969838,-2.225903366,0,0,0,1,0,,,,,
1,0,36,0,0,135.6333,1,0,0,0,1,3.253962705,25.8927422,0.962815246,-0.037893738,1,1,0,0,0,,,,,
1,0,55,0,0,16,0,0,1,0,1,0.441444842,1.554952257,0.608603254,-0.496588695,1,1,0,0,0,,,,,
1,1,21,0,0,7.925,0,0,0,1,0,-1.694976093,0.183603618,0.155122556,-0.168563699,0,0,0,0,1,,,,,
1,0,4,0,2,22.025,0,0,0,1,1,1.589285366,4.900245793,0.830515535,-0.185708644,1,1,0,0,0,,,,,
1,0,41,0,0,134.5,1,0,0,0,1,3.017311479,20.43627442,0.953350103,-0.047773074,1,1,0,0,0,,,,,
1,1,51,0,0,8.05,0,0,0,1,0,-3.097067804,0.045181489,0.043228367,-0.044190544,0,0,0,0,1,,,,,
1,1,30,0,0,7.8958,0,0,0,1,0,-2.115775207,0.12053981,0.107572983,-0.113810542,0,0,0,0,1,,,,,
1,1,24,2,0,73.5,0,0,1,0,0,-1.425117267,0.240480261,0.193860611,-0.215498612,0,0,0,0,1,,,,,
1,1,11,1,2,120,0,0,0,0,1,0.71615166,2.046542246,0.671759024,-0.397855598,1,1,0,0,0,,,,,
1,1,42,1,0,27,0,0,1,0,0,-2.004107855,0.134780486,0.118772298,-0.126439228,0,0,0,0,1,,,,,
1,1,37,0,1,29.7,1,0,0,0,0,0.112106601,1.118632102,0.527997334,-0.750770646,1,0,1,0,0,,,,,
1,0,36,0,0,13,0,0,1,0,1,1.321921742,3.750622186,0.789501257,-0.236353854,1,1,0,0,0,,,,,
1,1,42,0,0,13,0,0,1,0,1,-1.658036721,0.190512643,0.16002572,-1.832420727,0,0,0,1,0,,,,,
1,0,48,1,0,39.6,1,0,0,0,1,2.063840222,7.876158002,0.887338644,-0.119528584,1,1,0,0,0,,,,,
1,1,36,0,0,40.125,1,0,0,0,0,0.308769785,1.36174884,0.576584951,-0.859402378,1,0,1,0,0,,,,,
1,1,2,4,1,39.6875,0,0,0,1,0,-2.376517453,0.092873451,0.084980975,-0.088810421,0,0,0,0,1,,,,,
1,1,24,0,0,8.05,0,0,0,1,0,-1.834895832,0.159630129,0.137656073,-0.1481011,0,0,0,0,1,,,,,
1,1,25,0,0,7.25,0,0,0,1,0,-1.883701126,0.152026394,0.131964333,-0.141522474,0,0,0,0,1,,,,,
1,1,25,1,0,91.0792,1,0,0,0,1,0.571990059,1.771789512,0.639222244,-0.447503085,1,1,0,0,0,,,,,
1,1,50,0,0,8.05,0,0,0,1,0,-3.050320694,0.047343739,0.04520363,-0.046257187,0,0,0,0,1,,,,,
1,0,34,0,1,23,0,0,1,0,1,1.31804791,3.736121009,0.788856746,-0.237170538,1,1,0,0,0,,,,,
1,1,16,0,0,10.5,0,0,1,0,0,-0.449043685,0.638238217,0.389588163,-0.493621406,0,0,0,0,1,,,,,
1,1,29,0,0,8.05,0,0,0,1,0,-2.068631382,0.1263586,0.112183278,-0.118989952,0,0,0,0,1,,,,,
1,0,31,0,2,164.8667,0,0,0,0,1,2.97820455,19.65249987,0.951579712,-0.049631821,1,1,0,0,0,,,,,
1,1,16,0,0,9.2167,0,0,0,1,0,-1.457917346,0.232720446,0.188786068,-0.209223472,0,0,0,0,1,,,,,
1,1,28,0,0,10.5,0,0,1,0,0,-1.010009006,0.364215699,0.266978088,-0.310579684,0,0,0,0,1,,,,,
1,1,48,1,0,76.7292,1,0,0,0,1,-0.540112155,0.582682898,0.368161492,-0.999233599,0,0,0,1,0,,,,,
1,0,23,3,2,263,0,0,0,0,1,2.458383881,11.68591045,0.92117239,-0.082108083,1,1,0,0,0,,,,,
1,0,36,1,0,17.4,0,0,0,1,1,-0.054419681,0.94703457,0.486398436,-0.720727163,1,1,0,0,0,,,,,
1,0,18,0,0,7.4958,0,0,0,1,1,1.143636824,3.138160575,0.758346738,-0.276614559,1,1,0,0,0,,,,,
1,1,7,4,1,29.125,0,1,0,1,0,-3.336553193,0.035559313,0.034338268,-0.03494168,0,0,0,0,1,,,,,
1,0,35,0,0,512.3292,1,0,0,0,1,4.269846851,71.51068297,0.986208929,-0.013887052,1,1,0,0,0,,,,,
1,1,22,0,0,8.05,0,0,0,1,0,-1.741401612,0.175274561,0.149134991,-0.16150179,0,0,0,0,1,,,,,
1,1,55.5,0,0,8.05,0,0,0,1,0,-3.3074298,0.036610148,0.035317181,-0.035955917,0,0,0,0,1,,,,,
1,0,5,2,1,19.2583,1,0,0,1,1,1.232849567,3.430992462,0.774316926,-0.255774024,1,1,0,0,0,,,,,
1,0,41,0,5,39.6875,0,0,0,1,0,-0.464202929,0.628635973,0.385989247,-0.487742838,0,0,0,0,1,,,,,
1,0,1,0,2,15.7417,1,0,0,1,1,2.051874108,7.782472643,0.88613685,-0.120883882,1,1,0,0,0,,,,,
1,1,25,1,0,7.775,0,0,0,1,0,-2.264439804,0.103888216,0.094111174,-0.098838689,0,0,0,0,1,,,,,
1,1,22,0,0,7.125,0,0,0,1,0,-1.743781387,0.174857943,0.148833265,-0.161147241,0,0,0,0,1,,,,,
1,1,61,0,0,6.2375,0,0,0,1,0,-3.569201979,0.028178332,0.027406074,-0.027788626,0,0,0,0,1,,,,,
1,1,1,5,2,46.9,0,0,0,1,0,-2.816399243,0.059820956,0.056444398,-0.058099984,0,0,0,0,1,,,,,
1,1,31,1,1,26.25,0,0,1,0,0,-1.61491455,0.198907666,0.16590741,-0.181410864,0,0,0,0,1,,,,,
1,1,39,0,0,7.925,0,0,0,1,1,-2.536424075,0.079148925,0.073343839,-2.612596773,0,0,0,1,0,,,,,
1,0,4,2,1,39,0,0,1,0,1,1.997446177,7.370209836,0.880528682,-0.127232777,1,1,0,0,0,,,,,
1,0,24,0,0,69.3,1,0,0,0,1,3.644270322,38.25484893,0.97452544,-0.025804655,1,1,0,0,0,,,,,
1,1,36,1,1,24.15,0,0,0,1,0,-2.859624911,0.057290245,0.05418592,-0.055709263,0,0,0,0,1,,,,,
1,0,36,1,2,120,0,0,0,0,1,2.24694971,9.458839586,0.904387098,-0.100497804,1,1,0,0,0,,,,,
1,0,30,0,0,93.5,0,0,0,0,1,3.08753509,21.92297316,0.956375641,-0.044604513,1,1,0,0,0,,,,,
1,1,23,0,1,63.3583,1,0,0,0,1,0.853159878,2.347051543,0.701229579,-0.354919944,1,1,0,0,0,,,,,
1,0,34,1,1,32.5,0,0,1,0,1,0.960399488,2.612740023,0.723201782,-0.324067006,1,1,0,0,0,,,,,
1,1,20,0,0,9.5,0,0,0,1,0,-1.644176932,0.193171491,0.161897508,-0.17661488,0,0,0,0,1,,,,,
1,1,20,0,0,7.2292,1,0,0,1,1,-1.311506439,0.269413895,0.212234872,-1.550061733,0,0,0,1,0,,,,,
1,0,31,1,0,18,0,0,0,1,0,0.180859507,1.198246823,0.54509203,-0.787660144,1,0,1,0,0,,,,,
1,0,48,1,3,34.375,0,0,0,1,0,-0.940998976,0.390237802,0.280698598,-0.329474813,0,0,0,0,1,,,,,
1,0,39,1,1,110.8833,1,0,0,0,1,2.544861575,12.74146423,0.927227551,-0.075556273,1,1,0,0,0,,,,,
1,1,19,0,0,0,0,0,0,1,0,-1.621870762,0.197528824,0.164947031,-0.18026012,0,0,0,0,1,,,,,
1,1,44,0,0,8.05,0,0,0,1,0,-2.769838034,0.062672155,0.058976002,-0.060786637,0,0,0,0,1,,,,,
1,1,22,0,0,7.225,1,0,0,1,1,-1.405011465,0.245364243,0.197022072,-1.624439517,0,0,0,1,0,,,,,
1,0,63,1,0,77.9583,0,0,0,0,1,1.122806489,3.073467766,0.75450892,-0.281688178,1,1,0,0,0,,,,,
1,0,32,0,0,76.2917,1,0,0,0,1,3.288281201,26.79676579,0.964024592,-0.036638475,1,1,0,0,0,,,,,
1,0,6,0,1,33,0,0,1,0,1,2.652694297,14.19222525,0.934176858,-0.068089503,1,1,0,0,0,,,,,
1,0,42,0,0,13,0,0,1,0,1,1.041439082,2.83329142,0.739127582,-0.302284731,1,1,0,0,0,,,,,
1,1,36.5,0,2,26,0,0,1,0,0,-1.613672835,0.199154806,0.166079313,-0.181616981,0,0,0,0,1,,,,,
1,1,24,0,0,7.7958,0,0,0,1,0,-1.83554982,0.159525767,0.137578458,-0.1480111,0,0,0,0,1,,,,,
1,1,25,0,0,13,0,0,1,0,0,-0.863335849,0.421752829,0.296642863,-0.351890497,0,0,0,0,1,,,,,
1,0,2,0,1,12.2875,0,0,0,1,1,1.780822981,5.934738584,0.855798458,-0.155720377,1,1,0,0,0,,,,,
1,1,34,1,1,14.4,0,0,0,1,0,-2.791214814,0.061346644,0.057800761,-0.059538521,0,0,0,0,1,,,,,
1,1,70,0,0,10.5,0,0,1,0,0,-2.97338763,0.051129808,0.048642715,-0.049865593,0,0,0,0,1,,,,,
1,1,62,0,0,26.55,0,0,0,0,0,-1.280092544,0.278011571,0.217534471,-0.24530541,0,0,0,0,1,,,,,
1,0,50,0,0,28.7125,1,0,0,0,0,2.32442476,10.22079898,0.910879787,-2.417769108,1,0,1,0,0,,,,,
1,1,33,0,0,7.8958,0,0,0,1,0,-2.256016538,0.10476699,0.094831753,-0.099634444,0,0,0,0,1,,,,,
1,1,32,1,0,26,0,0,1,0,1,-1.539209485,0.21455064,0.176650222,-1.73358365,0,0,0,1,0,,,,,
1,1,51,0,0,26.55,0,0,0,0,1,-0.765874333,0.464927252,0.317372246,-1.147679917,0,0,0,1,0,,,,,
1,1,0.42,0,1,8.5167,1,0,0,1,1,-0.515980991,0.596914739,0.373792492,-0.984054471,0,0,0,1,0,,,,,
1,1,27,0,0,8.6625,0,0,0,1,1,-1.973561365,0.138961083,0.122006875,-2.103677881,0,0,0,1,0,,,,,
1,1,43,0,0,6.45,0,0,0,1,0,-2.727207292,0.065401683,0.061386878,-0.063351895,0,0,0,0,1,,,,,
1,1,32,0,0,56.4958,0,0,0,1,1,-2.084234725,0.124402286,0.110638592,-2.201486318,0,0,0,1,0,,,,,
1,0,27,0,0,10.5,0,0,1,0,1,1.736213907,5.675813533,0.850205523,-0.162277168,1,1,0,0,0,,,,,
1,1,80,0,0,30,0,0,0,0,1,-2.112664605,0.120915345,0.107871969,-2.226810229,0,0,0,1,0,,,,,
1,0,27,0,1,12.475,0,0,0,1,1,0.612627615,1.845273704,0.648539963,-0.433031653,1,1,0,0,0,,,,,
1,1,56,0,0,30.6958,1,0,0,0,0,-0.650431207,0.521820715,0.342892372,-0.419907457,0,0,0,0,1,,,,,
1,0,24,0,3,19.2583,1,0,0,1,1,0.862642482,2.369413562,0.703212449,-0.35209623,1,1,0,0,0,,,,,
1,1,17,0,2,110.8833,1,0,0,0,1,1.132816198,3.10438677,0.756358244,-0.279240147,1,1,0,0,0,,,,,
1,0,22,1,2,41.5792,1,0,1,0,1,1.760140436,5.813253726,0.853227248,-0.158729357,1,1,0,0,0,,,,,
1,1,20,0,0,7.8542,0,0,0,1,0,-1.648411132,0.192355293,0.161323805,-0.175930589,0,0,0,0,1,,,,,
1,1,48,0,0,7.8542,0,0,0,1,0,-2.957330215,0.051957447,0.049391206,-0.050652664,0,0,0,0,1,,,,,
1,1,25,0,0,7.225,1,0,0,1,0,-1.545252795,0.213257954,0.17577297,-0.193309265,0,0,0,0,1,,,,,
1,0,19,1,0,26,0,0,1,0,1,1.767978749,5.858998878,0.854206129,-0.157582746,1,1,0,0,0,,,,,
1,1,71,0,0,49.5042,1,0,0,0,0,-1.303248914,0.271647797,0.213618738,-0.240313538,0,0,0,0,1,,,,,
1,0,16,0,0,7.75,0,1,0,1,1,0.538659309,1.713707768,0.631500484,-0.459656571,1,1,0,0,0,,,,,
1,1,0.92,1,2,151.55,0,0,0,0,1,1.268532177,3.555629695,0.780491377,-0.247831587,1,1,0,0,0,,,,,
1,0,49,1,0,76.7292,1,0,0,0,1,2.112616537,8.269851376,0.892123405,-0.114150809,1,1,0,0,0,,,,,
1,1,9,4,2,31.3875,0,0,0,1,0,-2.848196244,0.057948752,0.054774631,-0.056331894,0,0,0,0,1,,,,,
1,0,6,4,2,31.275,0,0,0,1,0,-0.008768544,0.991269788,0.497807878,-0.68877252,1,0,1,0,0,,,,,
1,1,30,0,0,10.5,0,0,1,0,0,-1.103503226,0.331707001,0.249084071,-0.286461579,0,0,0,0,1,,,,,
1,1,23,0,0,13,0,0,1,0,0,-0.769841629,0.463086402,0.316513366,-0.380548178,0,0,0,0,1,,,,,
1,0,38,1,5,31.3875,0,0,0,1,1,-0.727404623,0.48316135,0.325764523,-1.12158048,0,0,0,1,0,,,,,
1,1,21,0,0,7.925,0,0,0,1,0,-1.694976093,0.183603618,0.155122556,-0.168563699,0,0,0,0,1,,,,,
1,1,3,1,1,26,0,0,1,0,1,-0.30663865,0.735916476,0.423935417,-0.858174153,1,1,0,0,0,,,,,
1,1,22,0,0,7.8958,0,0,0,1,0,-1.741798327,0.175205041,0.149084658,-0.161442636,0,0,0,0,1,,,,,
1,1,16,1,3,34.375,0,0,0,1,0,-2.144567256,0.117118709,0.104839985,-0.110752789,0,0,0,0,1,,,,,
1,1,24,0,0,7.1417,0,0,0,1,1,-1.837232643,0.159257539,0.137378912,-1.985012391,0,0,0,1,0,,,,,
1,0,9,4,2,31.275,0,0,0,1,0,-0.149009874,0.861560608,0.462816308,-0.621415172,1,0,1,0,0,,,,,
1,1,31,0,0,7.925,0,0,0,1,1,-2.162447194,0.115043243,0.103173795,-2.271340381,0,0,0,1,0,,,,,
1,0,22,0,0,7.75,0,1,0,1,1,0.258176648,1.294567481,0.564188019,-0.572367716,1,1,0,0,0,,,,,
1,0,24,0,0,49.5042,1,0,0,0,1,3.593341063,36.35533872,0.973230065,-0.027134776,1,1,0,0,0,,,,,
1,1,42,0,0,13,0,0,1,0,0,-1.658036721,0.190512643,0.16002572,-0.174384007,0,0,0,0,1,,,,,
1,1,28,0,0,26.55,0,0,0,0,1,0.309309199,1.362483584,0.576716636,-0.550404233,1,1,0,0,0,,,,,
1,1,14,5,2,46.9,0,0,0,1,0,-3.424111674,0.032578208,0.031550354,-0.032058789,0,0,0,0,1,,,,,
1,1,34.5,0,0,6.4375,1,0,0,1,0,-1.991376366,0.136507412,0.120111326,-0.127959886,0,0,0,0,1,,,,,
1,1,19,0,0,8.1583,0,0,0,1,0,-1.600881655,0.201718593,0.167858428,-0.183752693,0,0,0,0,1,,,,,
1,0,35,0,0,21,0,0,1,0,1,1.389250697,4.011842839,0.800472594,-0.222552983,1,1,0,0,0,,,,,
1,0,13,0,0,7.2292,1,0,0,1,1,1.715199135,5.557782149,0.847509421,-0.165453324,1,1,0,0,0,,,,,
1,1,4,1,1,11.1333,0,0,0,1,1,-1.39720585,0.247286956,0.198259875,-1.618176607,0,0,0,1,0,,,,,
1,1,50,1,0,106.425,1,0,0,0,0,-0.557207085,0.572806632,0.364193932,-0.452861687,0,0,0,0,1,,,,,
1,0,24,2,3,18.75,0,0,1,0,1,0.764215467,2.147309079,0.682268257,-0.38233236,1,1,0,0,0,,,,,
1,0,42,0,0,227.525,1,0,0,0,1,3.209892625,24.77642572,0.961204862,-0.039567717,1,1,0,0,0,,,,,
1,0,36,0,2,71,0,0,0,0,1,2.502975277,12.21879423,0.924350135,-0.078664345,1,1,0,0,0,,,,,
1,1,32,1,0,15.85,0,0,0,1,0,-2.570894776,0.076467094,0.071035236,-0.07368447,0,0,0,0,1,,,,,
1,1,26,0,0,7.8958,0,0,0,1,0,-1.928786767,0.145324404,0.126884927,-0.135687919,0,0,0,0,1,,,,,
1,1,64,1,4,263,0,0,0,0,0,-1.639735428,0.194031371,0.162501066,-0.177335288,0,0,0,0,1,,,,,
1,1,28,0,0,7.8958,0,0,0,1,0,-2.022280987,0.132353224,0.116883338,-0.124297967,0,0,0,0,1,,,,,
1,1,20,1,0,7.925,0,0,0,1,1,-2.030318344,0.131293718,0.11605626,-2.153680205,0,0,0,1,0,,,,,
1,0,33,1,0,90,0,1,0,0,1,1.857074117,6.404969139,0.864955548,-0.145077163,1,1,0,0,0,,,,,
1,1,32,0,0,10.5,0,0,1,0,0,-1.196997446,0.302099923,0.232009785,-0.263978286,0,0,0,0,1,,,,,
1,1,39,0,0,24.15,0,0,0,1,0,-2.494681522,0.082522729,0.076231867,-0.079294177,0,0,0,0,1,,,,,
1,1,18,0,0,13,0,0,1,0,0,-0.536106079,0.585021852,0.369093872,-0.460598194,0,0,0,0,1,,,,,
1,1,19,0,0,8.05,0,0,0,1,1,-1.601160281,0.201662397,0.167819512,-1.78486621,0,0,0,1,0,,,,,
1,0,43,0,1,211.3375,0,0,0,0,1,2.659891432,14.29473707,0.934618033,-0.067617354,1,1,0,0,0,,,,,
1,0,42,1,0,26,0,0,1,0,1,0.692795217,1.999296197,0.666588448,-0.405582443,1,1,0,0,0,,,,,
1,1,34,0,0,26.55,0,0,0,0,1,0.028826539,1.029246045,0.507206136,-0.678837779,1,1,0,0,0,,,,,
1,1,12,1,0,11.2417,1,0,0,1,1,-1.309295839,0.27001012,0.2126047,-1.548320708,0,0,0,1,0,,,,,
1,0,54,1,0,59.4,1,0,0,0,1,1.834297625,6.260735219,0.862272901,-0.148183468,1,1,0,0,0,,,,,
1,1,27,0,0,6.975,0,0,0,1,1,-1.977902847,0.138359093,0.121542573,-2.107490681,0,0,0,1,0,,,,,
1,0,30.5,0,0,7.75,0,1,0,1,0,-0.139173788,0.870076807,0.465262605,-0.625979503,1,0,1,0,0,,,,,
1,1,25,0,0,7.65,0,0,0,1,0,-1.882672034,0.152182924,0.13208226,-0.141658338,0,0,0,0,1,,,,,
1,1,30,0,0,13,0,0,1,0,0,-1.0970714,0.333847359,0.250289028,-0.288067517,0,0,0,0,1,,,,,
1,0,14,1,0,30.0708,1,0,1,0,1,2.350700021,10.49291241,0.912989853,-0.091030513,1,1,0,0,0,,,,,
1,0,35,1,0,90,0,0,0,0,1,2.462705621,11.7365232,0.921485637,-0.081768088,1,1,0,0,0,,,,,
1,1,34,1,0,21,0,0,1,0,0,-1.645567358,0.192903087,0.161708934,-0.176389905,0,0,0,0,1,,,,,
1,1,18,0,0,8.05,0,0,0,1,1,-1.554413171,0.211313351,0.174449783,-1.746118356,0,0,0,1,0,,,,,
1,0,31,0,0,8.6833,0,0,0,1,1,0.538979511,1.714256589,0.631574994,-0.459538589,1,1,0,0,0,,,,,
1,0,24,0,0,83.1583,1,0,0,0,1,3.679923993,39.64338078,0.975395748,-0.024911995,1,1,0,0,0,,,,,
1,1,27,0,0,7.7958,0,0,0,1,1,-1.97579115,0.138651575,0.121768219,-2.105635883,0,0,0,1,0,,,,,
1,0,26,0,0,78.85,0,0,0,0,1,3.236833028,25.45298508,0.962197083,-0.038535981,1,1,0,0,0,,,,,
1,1,2,3,1,21.075,0,0,0,1,0,-2.042313038,0.129728297,0.114831413,-0.121977159,0,0,0,0,1,,,,,
1,0,19,0,0,26,0,0,1,0,1,2.150068111,8.585443137,0.895675141,-0.110177497,1,1,0,0,0,,,,,
1,1,26,0,0,7.775,0,0,0,1,0,-1.929097553,0.145279246,0.126850501,-0.13564849,0,0,0,0,1,,,,,
1,0,5,0,0,12.475,0,0,0,1,1,1.764159395,5.836663968,0.85372983,-0.158140493,1,1,0,0,0,,,,,
1,1,32,0,0,7.925,0,0,0,1,1,-2.209194304,0.10978907,0.098927871,-2.313364274,0,0,0,1,0,,,,,
1,1,58,0,2,113.275,1,0,0,0,0,-0.777662116,0.459478965,0.314823972,-0.378079499,0,0,0,0,1,,,,,
1,1,40,0,0,7.8958,0,0,0,1,0,-2.583246308,0.075528417,0.070224474,-0.072812092,0,0,0,0,1,,,,,
1,0,62,0,0,80,0,0,0,0,1,1.556895705,4.744071366,0.825907455,-0.191272551,1,1,0,0,0,,,,,
1,0,40,0,0,153.4625,0,0,0,0,1,2.774331342,16.02790623,0.941272874,-0.060522199,1,1,0,0,0,,,,,
1,1,31,0,0,7.75,0,1,0,1,0,-2.862023146,0.057153014,0.054063143,-0.055579459,0,0,0,0,1,,,,,
1,0,2,0,1,10.4625,0,0,0,1,0,1.776127747,5.906938916,0.855218062,-1.932526546,1,0,1,0,0,,,,,
1,1,22,1,0,7.25,0,0,0,1,0,-2.125549158,0.119367399,0.106638266,-0.112763703,0,0,0,0,1,,,,,
1,1,9,1,1,15.9,0,0,0,1,1,-1.618677966,0.198160501,0.165387276,-1.79946543,0,0,0,1,0,,,,,
1,1,31,1,1,37.0042,1,0,1,0,0,-1.248734242,0.286867672,0.222919324,-0.252211105,0,0,0,0,1,,,,,
1,1,27,0,0,7.8958,0,0,0,1,0,-1.975533877,0.138687251,0.121795735,-0.129876064,0,0,0,0,1,,,,,
1,1,74,0,0,7.775,0,0,0,1,0,-4.172958837,0.015406607,0.015172845,-0.01528913,0,0,0,0,1,,,,,
1,1,24,0,0,9.5,0,0,0,1,0,-1.831165373,0.160226735,0.138099503,-0.148615447,0,0,0,0,1,,,,,
1,1,32,0,0,7.75,0,1,0,1,0,-2.908770256,0.054542762,0.051721717,-0.053107272,0,0,0,0,1,,,,,
1,1,21,0,0,16.1,0,0,0,1,0,-1.673944021,0.187506077,0.157899047,-0.171855375,0,0,0,0,1,,,,,
1,0,16,0,1,57.9792,1,0,0,0,1,3.866026477,47.75226388,0.979488132,-0.020725158,1,1,0,0,0,,,,,
1,1,59,0,0,13.5,0,0,1,0,0,-2.451451227,0.086168446,0.079332488,-0.082656316,0,0,0,0,1,,,,,
1,1,64,0,0,26,0,0,0,0,0,-1.375001766,0.252839149,0.201812938,-0.225412295,0,0,0,0,1,,,,,
1,0,38,0,0,13,0,0,1,0,0,1.228427522,3.415853957,0.773543235,-1.485201237,1,0,1,0,0,,,,,
1,1,25,1,0,55.4417,1,0,0,0,1,0.480304376,1.616566371,0.617819746,-0.481558537,1,1,0,0,0,,,,,
1,0,36,1,0,26,0,0,1,0,1,0.973277877,2.646605505,0.725772366,-0.320518859,1,1,0,0,0,,,,,
1,0,23,0,0,7.925,0,0,0,1,0,0.91100549,2.486821751,0.713205873,-1.248990648,1,0,1,0,0,,,,,
1,0,32,0,0,13,0,0,1,0,1,1.508910183,4.521800172,0.81889964,-0.199793743,1,1,0,0,0,,,,,
1,0,11,4,2,31.275,0,0,0,1,0,-0.242504094,0.784660535,0.439669349,-0.579228221,1,0,1,0,0,,,,,
1,1,19,1,0,53.1,0,0,0,0,0,0.416249824,1.51626462,0.602585518,-0.922775508,1,0,1,0,0,,,,,
1,0,23,0,0,13.7917,1,0,1,0,1,2.270183654,9.681178639,0.906377373,-0.098299533,1,1,0,0,0,,,,,
1,1,56,0,0,26.55,0,0,0,0,0,-0.999609883,0.368022985,0.26901813,-0.313366621,0,0,0,0,1,,,,,
1,1,4,4,1,29.125,0,1,0,1,0,-3.196311863,0.040912818,0.03930475,-0.040098038,0,0,0,0,1,,,,,
1,1,24,1,0,16.1,0,0,0,1,0,-2.196274713,0.111216702,0.10008552,-0.105455543,0,0,0,0,1,,,,,
1,0,54,1,3,23,0,0,1,0,1,-0.24517437,0.78256807,0.439011605,-0.82322943,1,1,0,0,0,,,,,
1,0,21,0,0,7.75,0,1,0,1,0,0.304923758,1.356521575,0.575645727,-0.857186623,1,0,1,0,0,,,,,
1,1,45,0,0,6.975,0,0,0,1,0,-2.819350829,0.05964465,0.056287407,-0.057933616,0,0,0,0,1,,,,,
1,1,18,0,0,11.5,0,0,1,0,0,-0.539965175,0.582768547,0.368195684,-0.459175559,0,0,0,0,1,,,,,
1,1,29,0,0,30,0,0,0,0,0,0.271438009,1.311849547,0.5674459,-0.838047874,1,0,1,0,0,,,,,
1,0,40,1,1,134.5,1,0,0,0,1,2.55887387,12.9212581,0.928167412,-0.074543162,1,1,0,0,0,,,,,
1,0,35,1,0,53.1,0,0,0,0,1,2.367771865,10.67358358,0.914336502,-0.089556611,1,1,0,0,0,,,,,
1,1,55,0,0,30.5,0,0,0,0,0,-0.942700488,0.389574373,0.28035518,-0.328997494,0,0,0,0,1,,,,,
1,1,11,5,2,46.9,0,0,0,1,0,-3.283870344,0.037482904,0.036128696,-0.036797495,0,0,0,0,1,,,,,
1,0,13,0,1,19.5,0,0,1,0,1,2.290732665,9.882175351,0.908106608,-0.096393497,1,1,0,0,0,,,,,
1,1,33,0,0,8.6542,0,0,0,1,0,-2.254065379,0.104971607,0.09499937,-0.099819639,0,0,0,0,1,,,,,
1,0,22,1,1,29,0,0,1,0,1,1.512360252,4.53742764,0.819410733,-0.199169816,1,1,0,0,0,,,,,
1,1,18,0,0,7.775,0,0,0,1,0,-1.555120672,0.211163899,0.174347914,-0.191581798,0,0,0,0,1,,,,,
1,0,29,0,0,211.3375,0,0,0,0,1,3.437446331,31.10741861,0.96885455,-0.031640782,1,1,0,0,0,,,,,
1,0,21,0,0,10.5,0,0,1,0,1,2.016696567,7.513463672,0.882538995,-0.124952304,1,1,0,0,0,,,,,
1,1,70,1,1,71,0,0,0,0,0,-2.044896273,0.129393611,0.114569101,-0.121680861,0,0,0,0,1,,,,,
1,0,20,0,0,8.6625,0,0,0,1,0,1.053144209,2.86665031,0.741378216,-1.352388579,1,0,1,0,0,,,,,
1,0,18,2,0,18,0,0,0,1,0,0.406482577,1.50152698,0.600244168,-0.916901337,1,0,1,0,0,,,,,
1,1,20.5,0,0,7.25,0,0,0,1,0,-1.673339131,0.187619532,0.157979494,-0.171950911,0,0,0,0,1,,,,,
1,1,19,0,0,6.75,0,1,0,1,0,-2.303630555,0.099895508,0.090822726,-0.095215183,0,0,0,0,1,,,,,
1,0,22,0,2,49.5,1,0,0,0,1,3.440633762,31.20672954,0.968950588,-0.031541661,1,1,0,0,0,,,,,
1,1,32,0,0,7.8958,0,0,0,1,0,-2.209269428,0.109780822,0.098921174,-0.104162538,0,0,0,0,1,,,,,
1,1,20,0,0,9.8458,0,0,0,1,0,-1.643287282,0.193343422,0.162018258,-0.176758966,0,0,0,0,1,,,,,
1,1,35,0,0,512.3292,1,0,0,0,1,1.570371048,4.808432021,0.827836498,-0.188939611,1,1,0,0,0,,,,,
1,1,65,0,0,7.75,0,1,0,1,0,-4.451424889,0.011661938,0.011527505,-0.011594462,0,0,0,0,1,,,,,
1,1,40,0,0,7.225,1,0,0,1,0,-2.246459446,0.105773058,0.095655304,-0.10054469,0,0,0,0,1,,,,,
1,1,24,0,0,7.8958,0,0,0,1,0,-1.835292547,0.159566814,0.137608987,-0.148046499,0,0,0,0,1,,,,,
1,1,26,2,0,8.6625,0,0,0,1,0,-2.690992978,0.067813569,0.063506937,-0.065613164,0,0,0,0,1,,,,,
1,1,33,0,0,12.275,0,0,1,0,0,-1.23917796,0.289622201,0.224579106,-0.254349308,0,0,0,0,1,,,,,
1,0,39,0,5,29.125,0,1,0,1,0,-1.097008899,0.333868225,0.250300756,-0.288083161,0,0,0,0,1,,,,,
1,1,39,0,0,7.925,0,0,0,1,0,-2.536424075,0.079148925,0.073343839,-0.076172698,0,0,0,0,1,,,,,
1,0,18,1,0,227.525,1,0,0,0,1,3.949733906,51.92154897,0.981104106,-0.019076703,1,1,0,0,0,,,,,
1,0,24,0,0,13,0,0,1,0,1,1.882887063,6.572452585,0.867942389,-0.141629939,1,1,0,0,0,,,,,
1,1,37,1,1,52.5542,0,0,0,0,1,-0.549697712,0.577124242,0.365934545,-1.005300801,0,0,0,1,0,,,,,
1,1,52,0,0,13.5,0,0,1,0,0,-2.124221457,0.119525988,0.106764818,-0.112905371,0,0,0,0,1,,,,,
1,1,34,0,0,6.4958,0,0,0,1,0,-2.306365471,0.099622676,0.090597146,-0.094967099,0,0,0,0,1,,,,,
1,1,36,1,0,15.55,0,0,0,1,0,-2.758655036,0.063376951,0.059599703,-0.061449647,0,0,0,0,1,,,,,
1,1,19,0,0,10.1708,0,0,0,1,0,-1.595704035,0.202765724,0.168582892,-0.184623675,0,0,0,0,1,,,,,
1,1,48,1,0,52,0,0,0,0,1,-0.942246373,0.389751325,0.280446809,-1.2713712,0,0,0,1,0,,,,,
1,1,21,0,0,7.8542,0,0,0,1,0,-1.695158242,0.183570178,0.155098685,-0.168535445,0,0,0,0,1,,,,,
1,1,8,1,1,36.75,0,0,1,0,1,-0.512717348,0.598866038,0.374556732,-0.982012,0,0,0,1,0,,,,,
1,0,52,1,0,78.2667,1,0,0,0,1,1.97633078,7.216216466,0.878289477,-0.129779039,1,1,0,0,0,,,,,
1,1,22,0,0,8.05,0,0,0,1,0,-1.741401612,0.175274561,0.149134991,-0.16150179,0,0,0,0,1,,,,,
1,1,18,0,0,7.75,0,0,0,1,0,-1.55518499,0.211150318,0.174338656,-0.191570584,0,0,0,0,1,,,,,
1,1,28,0,0,35.5,0,0,0,0,1,0.332335137,1.394220025,0.582327443,-0.540722373,1,1,0,0,0,,,,,
1,0,56,0,1,83.1583,1,0,0,0,1,2.060921112,7.853200158,0.887046494,-0.119857881,1,1,0,0,0,,,,,
1,0,58,0,0,146.5208,1,0,0,0,1,2.253536887,9.521352299,0.904955183,-0.099869858,1,1,0,0,0,,,,,
1,1,30,0,0,7.225,1,0,0,1,0,-1.778988345,0.168808837,0.144428098,-0.155985142,0,0,0,0,1,,,,,
1,0,27,1,0,13.8583,1,0,1,0,1,1.701277196,5.480943162,0.84570147,-0.167588853,1,1,0,0,0,,,,,
1,0,22,0,1,55,0,0,0,0,1,3.239366488,25.51755095,0.962289127,-0.038440326,1,1,0,0,0,,,,,
1,0,2,3,2,27.9,0,0,0,1,0,0.551626293,1.736074088,0.634512821,-1.006524078,1,0,1,0,0,,,,,
1,0,8,0,2,26.25,0,0,1,0,1,2.418738788,11.23168485,0.918245114,-0.085290915,1,1,0,0,0,,,,,
1,0,50,0,1,247.5208,1,0,0,0,1,2.764264191,15.86736035,0.940713901,-0.061116223,1,1,0,0,0,,,,,
1,0,22,0,0,10.5167,0,0,0,1,0,0.964420346,2.623266627,0.724005958,-1.287376002,1,0,1,0,0,,,,,
1,1,19,0,0,10.5,0,0,1,0,0,-0.589285015,0.554723762,0.356798922,-0.441297885,0,0,0,0,1,,,,,
1,1,16,0,0,9.5,0,0,0,1,0,-1.457188492,0.232890128,0.188897715,-0.20936111,0,0,0,0,1,,,,,
1,1,60,1,1,79.2,1,0,0,0,1,-1.217816132,0.295875615,0.228320999,-1.477002749,0,0,0,1,0,,,,,
1,0,19,0,0,7.8792,0,1,0,1,1,0.398750375,1.489961641,0.598387387,-0.51351693,1,1,0,0,0,,,,,
1,1,11,0,0,18.7875,1,0,0,1,0,-0.861046057,0.422719662,0.297120841,-0.352570295,0,0,0,0,1,,,,,
1,0,39,1,1,83.1583,1,0,0,0,1,2.473532622,11.86428494,0.922265403,-0.080922241,1,1,0,0,0,,,,,
1,0,39,1,0,55.9,0,0,0,0,1,2.18798707,8.917245247,0.899165547,-0.106288116,1,1,0,0,0,,,,,
1,0,21,0,0,77.9583,0,0,0,0,1,3.468274475,32.0813375,0.969771476,-0.030694827,1,1,0,0,0,,,,,
1,1,36,1,0,78.85,0,0,0,0,0,-0.312203237,0.731832777,0.422577045,-0.549180257,1,0,1,0,0,,,,,
1,1,3,4,2,31.3875,0,0,0,1,1,-2.567713584,0.076710738,0.071245447,-2.641624365,0,0,0,1,0,,,,,
1,0,18,0,2,13,0,0,1,0,1,1.917179008,6.801743716,0.871823526,-0.137168254,1,1,0,0,0,,,,,
1,0,35,0,0,135.6333,0,0,0,0,1,2.962197166,19.34041921,0.950836805,-0.050412835,1,1,0,0,0,,,,,
1,1,19,3,2,263,0,0,0,0,0,-0.054103481,0.94733407,0.486477428,-0.666461294,1,0,1,0,0,,,,,
1,1,70.5,0,0,7.75,0,1,0,1,0,-4.708533994,0.009017988,0.008937391,-0.008977569,0,0,0,0,1,,,,,
1,0,30,0,0,12.475,0,0,0,1,1,0.595481643,1.813904389,0.644621898,-0.439091338,1,1,0,0,0,,,,,
1,0,18,2,2,262.375,1,0,0,0,1,3.411113486,30.29896297,0.96805006,-0.032471479,1,1,0,0,0,,,,,
1,1,54,0,0,14,0,0,1,0,0,-2.216429312,0.108997611,0.098284803,-0.103456554,0,0,0,0,1,,,,,
1,0,30,0,0,13,0,0,1,0,1,1.602404403,4.964955839,0.832354165,-0.183497249,1,1,0,0,0,,,,,
1,1,21,0,0,7.775,0,0,0,1,0,-1.695362002,0.183532778,0.155071985,-0.168503845,0,0,0,0,1,,,,,
1,1,39,0,0,13,0,0,1,0,0,-1.517795391,0.219194593,0.179786389,-0.198190471,0,0,0,0,1,,,,,
1,1,23,2,1,11.5,0,0,1,0,0,-1.660974806,0.189953722,0.159631184,-0.173914417,0,0,0,0,1,,,,,
1,0,10,0,2,24.15,0,0,0,1,0,1.314269758,3.722032007,0.788226764,-1.552239217,1,0,1,0,0,,,,,
1,1,29,0,0,7.775,0,0,0,1,0,-2.069338883,0.126269233,0.112112832,-0.118910607,0,0,0,0,1,,,,,
1,0,28,0,0,13,0,0,1,0,1,1.695898623,5.451542647,0.844998312,-0.168420649,1,1,0,0,0,,,,,
1,1,51,0,0,7.0542,0,0,0,1,0,-3.099629729,0.045065886,0.043122531,-0.044079932,0,0,0,0,1,,,,,
1,1,0.83,1,1,18.75,0,0,1,0,1,-0.223849718,0.799435266,0.444270089,-0.811322592,1,1,0,0,0,,,,,
1,1,26,0,0,18.7875,1,0,0,1,1,-1.562252708,0.209663229,0.173323636,-1.752594706,0,0,0,1,0,,,,,
1,1,35,0,0,8.05,0,0,0,1,0,-2.349114043,0.095453693,0.087136219,-0.091168609,0,0,0,0,1,,,,,
1,1,45.5,0,0,28.5,0,0,0,0,0,-0.503748403,0.604261394,0.376660185,-0.47266346,0,0,0,0,1,,,,,
1,1,41,2,0,14.1083,0,0,0,1,0,-3.378189053,0.034109169,0.032984108,-0.03354035,0,0,0,0,1,,,,,
1,0,5,1,2,27.75,0,0,1,0,1,2.180749853,8.852942173,0.898507473,-0.107020256,1,1,0,0,0,,,,,
1,1,42,0,1,8.4042,0,0,0,1,0,-2.79852791,0.060899646,0.057403777,-0.059117271,0,0,0,0,1,,,,,
1,1,29,0,0,7.8958,1,0,0,1,1,-1.730515448,0.177193053,0.15052166,-1.893648283,0,0,0,1,0,,,,,
1,0,63,0,0,9.5875,0,0,0,1,1,-0.954601749,0.384965427,0.277960315,-1.280276926,0,0,0,1,0,,,,,
1,1,3,1,1,18.75,0,0,1,0,1,-0.325290947,0.722317167,0.419386848,-0.868961521,1,1,0,0,0,,,,,
1,0,44,0,0,27.7208,1,0,0,0,1,2.602356043,13.49549658,0.931013057,-0.071481977,1,1,0,0,0,,,,,
1,1,2,4,1,29.125,0,1,0,1,0,-3.102817643,0.044922448,0.042991179,-0.043942671,0,0,0,0,1,,,,,
1,1,33,0,0,7.8958,1,0,0,1,0,-1.917503888,0.146973367,0.128140174,-0.137126618,0,0,0,0,1,,,,,
1,0,23,0,0,7.55,0,0,0,1,1,0.910040716,2.484423687,0.713008494,-0.338261945,1,1,0,0,0,,,,,
1,1,23,0,0,13,0,0,1,0,0,-0.769841629,0.463086402,0.316513366,-0.380548178,0,0,0,0,1,,,,,
1,1,40.5,0,0,7.75,0,1,0,1,0,-3.306120691,0.036658106,0.035361809,-0.03600218,0,0,0,0,1,,,,,
1,0,21,2,2,262.375,1,0,0,0,1,3.270872156,26.33429695,0.963415924,-0.037270056,1,1,0,0,0,,,,,
1,1,37,2,0,7.925,0,0,0,1,0,-3.207108577,0.04047347,0.038899089,-0.039675869,0,0,0,0,1,,,,,
1,1,21,0,0,7.25,0,0,0,1,0,-1.696712686,0.18328505,0.154895095,-0.168294511,0,0,0,0,1,,,,,
1,1,38,0,0,0,0,0,0,0,0,-0.226467897,0.797344939,0.443623771,-0.586310542,1,0,1,0,0,,,,,
1,0,2,1,2,151.55,0,0,0,0,0,3.917521101,50.27566188,0.98049757,-3.937216212,1,0,1,0,0,,,,,
1,1,45,0,0,35.5,0,0,0,0,0,-0.462365734,0.629791961,0.386424756,-0.488452376,0,0,0,0,1,,,,,
1,0,27,0,0,7.925,0,0,0,1,1,0.724017049,2.062702568,0.673490985,-0.395280669,1,1,0,0,0,,,,,
1,1,42,1,0,52,0,0,0,0,0,-0.661763712,0.515940561,0.340343529,-0.416036079,0,0,0,0,1,,,,,
1,1,18,0,0,73.5,0,0,1,0,0,-0.380455883,0.683549719,0.406016948,-0.520904493,1,0,1,0,0,,,,,
1,0,4,1,1,16.7,0,0,0,1,1,1.316591572,3.730683915,0.788614074,-0.237478211,1,1,0,0,0,,,,,
1,1,54,0,1,77.2875,0,0,0,0,0,-0.898677107,0.407107864,0.289322428,-0.341536438,0,0,0,0,1,,,,,
1,1,4,0,2,81.8583,0,0,0,0,1,1.327342476,3.771008515,0.790400709,-0.235215235,1,1,0,0,0,,,,,
1,0,17,1,0,108.9,1,0,0,0,1,3.691290859,40.09657258,0.975667071,-0.024633867,1,1,0,0,0,,,,,
1,1,21,0,0,7.7958,0,0,0,1,1,-1.69530849,0.183542599,0.155078997,-1.863820633,0,0,0,1,0,,,,,
1,1,37,1,0,26,0,0,1,0,0,-1.772945035,0.16983209,0.145176467,-0.156860226,0,0,0,0,1,,,,,
1,1,44,0,0,8.05,0,0,0,1,0,-2.769838034,0.062672155,0.058976002,-0.060786637,0,0,0,0,1,,,,,
1,1,24,0,0,10.5,0,0,1,0,0,-0.823020566,0.439103309,0.305122854,-0.364020218,0,0,0,0,1,,,,,
1,0,29,0,0,10.5,0,0,1,0,1,1.642719687,5.169209041,0.837904666,-0.176850949,1,1,0,0,0,,,,,
1,0,22,0,0,9.8375,0,0,0,1,0,0.962672947,2.618686738,0.723656654,-1.28611118,1,0,1,0,0,,,,,
1,1,18,1,0,108.9,1,0,0,0,0,0.945067946,2.572988197,0.720122221,-1.273402276,1,0,1,0,0,,,,,
1,1,1,2,1,39,0,0,1,0,1,-0.561788295,0.570188486,0.363133784,-1.012983962,0,0,0,1,0,,,,,
1,0,17,1,0,57,0,0,0,0,1,3.219253496,25.00944355,0.961552426,-0.03920619,1,1,0,0,0,,,,,
1,1,26,0,0,7.8875,0,0,0,1,0,-1.928808121,0.145321301,0.126882562,-0.13568521,0,0,0,0,1,,,,,
1,1,28.5,0,0,7.2292,1,0,0,1,0,-1.708856875,0.181072663,0.153312043,-0.166423062,0,0,0,0,1,,,,,
1,1,66,0,0,10.5,0,0,1,0,0,-2.786399189,0.061642779,0.058063578,-0.0598175,0,0,0,0,1,,,,,
1,1,30,0,0,7.25,0,0,0,1,0,-2.117436677,0.120339703,0.107413584,-0.113631946,0,0,0,0,1,,,,,
1,0,16,0,0,86.5,0,0,0,0,1,3.723985517,41.42918223,0.976431316,-0.023850868,1,1,0,0,0,,,,,
1,0,29,1,0,26,0,0,1,0,1,1.300507648,3.671159852,0.785920407,-0.240899755,1,1,0,0,0,,,,,
1,1,20,0,0,7.8542,0,0,0,1,0,-1.648411132,0.192355293,0.161323805,-0.175930589,0,0,0,0,1,,,,,
1,1,16,2,0,18,0,0,0,1,0,-2.199499006,0.110858684,0.099795488,-0.105133305,0,0,0,0,1,,,,,
1,1,47,0,0,52,0,0,0,0,0,-0.513409901,0.598451436,0.374394506,-0.469035308,0,0,0,0,1,,,,,
1,0,39,1,1,79.65,0,0,0,0,1,2.125994062,8.381224804,0.893404111,-0.112716269,1,1,0,0,0,,,,,
1,1,36,0,1,512.3292,1,0,0,0,1,1.40052858,4.05734403,0.802267753,-0.22031287,1,1,0,0,0,,,,,
1,1,36,0,0,26.3875,0,0,0,0,1,-0.06508575,0.936987113,0.483734304,-0.726219482,1,1,0,0,0,,,,,
1,1,49,1,1,110.8833,1,0,0,0,0,-0.622085328,0.536823816,0.349307325,-0.429717829,0,0,0,0,1,,,,,
1,1,22,0,0,9,0,0,0,1,0,-1.738957518,0.175703473,0.149445398,-0.161866669,0,0,0,0,1,,,,,
1,1,35,0,0,7.05,0,0,0,1,0,-2.351686773,0.095208432,0.086931792,-0.090944694,0,0,0,0,1,,,,,
1,0,22,0,0,7.75,0,0,0,1,1,0.957302372,2.604660582,0.72258137,-0.324925242,1,1,0,0,0,,,,,
1,1,22,0,0,7.8958,0,0,0,1,0,-1.741798327,0.175205041,0.149084658,-0.161442636,0,0,0,0,1,,,,,
1,0,22,0,0,151.55,0,0,0,0,1,3.610858977,36.99781943,0.9736827,-0.026669798,1,1,0,0,0,,,,,
1,1,24,0,0,7.05,0,0,0,1,0,-1.837468562,0.159219972,0.137350956,-0.147747341,0,0,0,0,1,,,,,
1,1,17,0,0,7.125,0,0,0,1,0,-1.510045837,0.220899852,0.180932,-0.199588171,0,0,0,0,1,,,,,
1,0,30,0,0,8.6625,0,0,0,1,0,0.585673108,1.796199615,0.642371741,-1.028261215,1,0,1,0,0,,,,,
1,0,4,0,1,13.4167,1,0,0,1,1,2.028746537,7.604548366,0.883782395,-0.123544406,1,1,0,0,0,,,,,
1,0,25,0,0,7.775,0,0,0,1,0,0.81712536,2.26398234,0.693625793,-1.182948027,1,0,1,0,0,,,,,
1,1,36,0,0,7.4958,0,0,0,1,0,-2.39728696,0.090964409,0.083379813,-0.087062084,0,0,0,0,1,,,,,
1,1,25,1,0,26,0,0,1,0,0,-1.211979714,0.297607518,0.229350951,-0.260522198,0,0,0,0,1,,,,,
1,1,30,0,0,27.75,1,0,0,0,0,0.557414906,1.746152691,0.635854189,-1.010200911,1,0,1,0,0,,,,,
1,1,35,0,0,26.2875,0,0,0,0,1,-0.018595913,0.981575924,0.495351156,-0.702488362,1,1,0,0,0,,,,,
1,1,33,0,0,9.5,0,0,0,1,0,-2.251889363,0.105200275,0.095186617,-0.100026563,0,0,0,0,1,,,,,
1,0,21,2,2,34.375,0,0,0,1,0,0.062178993,1.064152803,0.515539742,-0.724719878,1,0,1,0,0,,,,,
1,1,25,0,0,0,0,0,0,1,1,-1.902353423,0.149217035,0.129842345,-2.041434294,0,0,0,1,0,,,,,
1,1,35,0,0,7.8958,1,0,0,1,0,-2.010998108,0.133855006,0.118053019,-0.125623337,0,0,0,0,1,,,,,
1,1,61,0,0,32.3208,0,0,0,0,0,-1.21849872,0.295673723,0.228200756,-0.259030809,0,0,0,0,1,,,,,
1,1,19,0,0,8.05,0,0,0,1,0,-1.601160281,0.201662397,0.167819512,-0.183705929,0,0,0,0,1,,,,,
1,1,59,0,0,7.25,0,0,0,1,0,-3.473102869,0.031020628,0.030087301,-0.030549213,0,0,0,0,1,,,,,
1,1,30,0,0,13,0,0,1,0,0,-1.0970714,0.333847359,0.250289028,-0.288067517,0,0,0,0,1,,,,,
1,1,16,0,0,7.775,0,0,0,1,0,-1.461626452,0.231858861,0.18821869,-0.208524297,0,0,0,0,1,,,,,
1,0,44,0,1,57.9792,1,0,0,0,1,2.557107394,12.89845316,0.928049547,-0.074670156,1,1,0,0,0,,,,,
1,1,28,0,0,7.7958,0,0,0,1,0,-2.02253826,0.132319178,0.116856784,-0.124267899,0,0,0,0,1,,,,,
1,1,34,1,0,26,0,0,1,0,0,-1.632703705,0.195400554,0.163460317,-0.178481321,0,0,0,0,1,,,,,
1,1,61,0,0,33.5,0,0,0,0,0,-1.215464957,0.296572089,0.228735519,-0.259723927,0,0,0,0,1,,,,,
1,1,58,0,0,29.7,1,0,0,0,0,-0.746487352,0.474028728,0.32158717,-0.387999283,0,0,0,0,1,,,,,
1,1,21,2,0,73.5,0,0,1,0,0,-1.284875936,0.276684908,0.216721374,-0.244266803,0,0,0,0,1,,,,,
1,1,21,0,0,8.05,0,0,0,1,0,-1.694654502,0.183662673,0.155164708,-0.168613591,0,0,0,0,1,,,,,
1,1,46,0,0,26,0,0,1,0,0,-1.811579665,0.163395822,0.140447317,-0.151343161,0,0,0,0,1,,,,,
1,1,45,0,0,8.05,0,0,0,1,1,-2.816585144,0.059809836,0.056434498,-2.874674636,0,0,0,1,0,,,,,
1,1,21,0,0,8.05,0,0,0,1,0,-1.694654502,0.183662673,0.155164708,-0.168613591,0,0,0,0,1,,,,,
1,1,30,0,0,8.05,0,0,0,1,0,-2.115378492,0.120587639,0.107611074,-0.113853226,0,0,0,0,1,,,,,
1,0,48,1,2,65,0,0,1,0,1,0.26645833,1.305333196,0.566223225,-0.568766889,1,1,0,0,0,,,,,
1,1,7,4,1,39.6875,0,0,0,1,0,-2.610253003,0.073515942,0.068481462,-0.070939188,0,0,0,0,1,,,,,
1,1,24,0,1,247.5208,1,0,0,0,0,1.280213251,3.597406793,0.782486074,-1.525492404,1,0,1,0,0,,,,,
1,1,29,0,0,10.5,0,0,1,0,0,-1.056756116,0.347581498,0.257929853,-0.298311503,0,0,0,0,1,,,,,
1,1,9,0,2,20.525,0,0,0,1,1,-1.347785083,0.259815093,0.206232719,-1.578750042,0,0,0,1,0,,,,,
1,1,25,0,0,7.05,0,0,0,1,0,-1.884215672,0.15194819,0.131905403,-0.141454587,0,0,0,0,1,,,,,
